,full_text
0,"  Обязанности:    
 
   Приёмка, расценка , выкладка товара, поддержание чистоты  
 
 Требования:  
 
   Доброжелательность, ответственность, активность, трудолюбие 
 
 Условия:  
 
   Смена с 9:00 до 19:00, 2/2 
 "
1," Обязанности:  
 Приемка и контроль качества сырья, участие в производственном процессе, выполнение требований технолога, помощь в погрузочно-разгрузочных работах  
 
    
 
 Требования:  
 Ответственнось, пунктуальность, внимательность, знание пк, желание обучаться  
 
    
 
 Условия:  
 Оформление ТК, обучение, стабильный заработок, возможность карьерного роста  
 
    
 "
2,"Кадастровый инженер

В связи с расширением объема услуг, в агентство недвижимости требуется кадастровый инженер

 Требования: 
Активный пользователь ПК, знание земельного права, необходимых программ.
Опыт работы от 1 года

 Обязанности: 
• составление договоров,
• заполнение заявок,
• приём и выдача документов,
• помощь в подготовке землеустроительной документации,
• представление интересов клиента в суде.

Офис в центре города.
Оборудованное индивидуальное рабочее место.

Условия оплаты:
Сдельная.

Обеспечиваем клиентскими заказами."
3,"Ольга Гринюк (Olga Grinyuk) - российская марка модной женской одежды. 
  
 О компании, в которой Вам предстоит работать:  
 
 На сегодняшний день у нас за плечами более 50 фирменных магазинов и более 1000 мультибрендовых партнеров от Москвы до Чикаго; 
 Вот уже 15 лет все платья создаются в Ростове-на-Дону; 
 Выпускается 12 коллекций в год, до 80 различных моделей в месяц; 
 Мы продолжаем идти вперед не зная границ и преград, завоевывая fashion пространство. 
 
  
 Обязанности:  
 
 Развитие каналов сбыта, развитие сети, организация системы продаж; 
 Работа с действующей базой оптовых клиентов; 
 Ведение отчетности по проделанной работе; 
 Привлечение потенциальных клиентов; 
 Посещение выставок. 
 
  
 Требования:  
 
 Грамотная устная и письменная речь; 
 Уверенный пользователь ПК: Word, Excel; 
 Опыт работы в amoCRM и 1С - желательно, но не обязательно, всему научим; 
 Опыт работы в продажах (будет вашим преимуществом). 
 
  
 Условия:  
 
 Работа в крупной, динамично развивающейся компании; 
 Оформление по ТК РФ; 
 Достойная заработная плата. Оклад + бонусы; 
 Пятидневная рабочая неделя с 9.00 до 18.00; 
 Корпоративные бонусы и скидки на дизайнерскую одежду собственного производства! 
 "
4,"  Обязанности:    
Пошив чехлов на мягкую мебель. 
  Требования:    
Стаж приветствуется,(можно обучение кто знает шить).    
  Условия:   
Рабочий день с 8-00 до 18-00,пять дней.    "
5,"  Обязанности:     Дружная команда салона красоты бизнес-класса ""Моя прекрасная леди"", с отличным руководителем, ищет новых сотрудников – мастеров маникюра и педикюра. Мы предоставляем обеспечительный платёж первые 2 месяца работы, косметику, оборудование, расходные материалы и постараемся сделать всё, чтобы Вы чувствовали себя на работе комфортно. Наши мастера зарабатывают от 3 000 руб. до 9 000 руб. в день. График работы и выплаты ЗП оговаривается индивидуально. Будем рады вашему звонку. Локация: метро Маяковская, Цветной бульвар, Гоголевский бульвар, Полянка. Другой район по Вашему запросу.    Требования:     Вы наш мастер ногтевого сервиса если:      владеете классическими и аппаратными техниками;   опыт работы от 1 года;   идеально покрываете гель-лаком и стойкими лаками;   общительны, дружелюбны и клиентоориентированы;   готовы развиваться и учиться новому в своей профессии.     Условия:      график работы любой по договоренности;   возможно временное оформление: договор услуг, подряда, ГПХ, самозанятые, ИП;   предоставляем все необходимые материалы и оборудование для работы;   гарантированный выход на первые 2 месяца по договоренности;  чаевые полностью ваши;   обучение у лучших технологов брендов и сети;  все салоны в шаговой доступности от метро (5 минут ходьбы);    лучшие бренды материалов и оборудования Bandi, Emi, Kinetiks, Strong, Max;   гостеприимный, дружный коллектив;   каждый месяц отмечаем сотрудников приятными подарками и бонусами по итогам работы.     Цены:     Маникюр с покрытием гель -лак:  3 000 руб. – 4 900 руб.   Педикюр с покрытием гель-лак:  3 500 руб. – 4 500 руб.  "
6,"Обязанности: запись , встреча, обслуживание клиентов по мини бару. 
 
    
 
Требования: грамотная речь , стрессоустойчивость, умение работать в коллективе. 
 
    
 
Условия: график с 10.00 до 10.00 сутки через двое, в смене помощник администратора. 
 
    
 "
7," Предприятие  ООО ""Энергомаш""  является разработчиком и изготовителем специальной техники для транспортировки опасных грузов. Продукция предприятия востребована в любом городе и регионе, т.к. выпускаемые нами автоцистерны и полуприцепы-цистерны доставляют ГСМ на городские сети автозаправок, транспортируют нефть в местах нефтедобычи и переработки. Сферы деятельности, для которых предприятие выпускает спецтехнику, очень обширны.  Предприятие на сегодняшний день имеет несколько производственных площадок, обособленных подразделений, чтобы обеспечить возможности комфортной работы для сотрудников.  В связи с расширением производства, мы ищем в нашу команду активного и амбициозного человека, который любит работать и самое главное зарабатывать!      Обязанности:     выполнение работ на токарных станках,  выполнение работ на фрезерных станках,  выполнение работ на сверлильных станках,  Работа на станках класса 1К62, TNTL290 стойка Fanuc  чтение чертежей,  нарезка наружной и внутренней резьбы.       Требования:     Опыт работы от 3 лет,  Знание требований, предъявляемых к обработке деталей,  Знание техники безопасности,  Аккуратность, умение самостоятельно работать.       Условия:     График работы 5/2, сб, вс - выходные, или 6/1, вс - выходной,  Место работы: г. Чебаркуль, пос. Мисяш,  Бесплатное проживание в рабочем общежитии на территории завода,  Официальное оформление, в соответствии с ТК РФ     "
8," 
Требования:  Без опыта работы
График: 5/2,  с 8:00 до 18:00 ч. "
9," 
Требования:  Строительная компания приглашает на работу вахтовым методом на СЕВЕР. З/п 140-150 тыс. руб. Обратите внимание: опыт работы в аналогичной должности строго ОБЯЗАТЕЛЕН. Оформление по ТК РФ, з/п 2 раза в месяц на карту. Работодатель предоставляет проживание, 3-разовое питание, спецодежду, обувь. Компенсация проезда  
Информация о работодателе: Строительная компания.
"
10," 
Требования:  Строительная компания приглашает на работу вахтовым методом на Север. З/п 150-165 тыс. руб. Обратите внимание: опыт работы в аналогичной должности строго ОБЯЗАТЕЛЕН. Оформление по ТК РФ, з/п 2 раза в месяц на карту. Работодатель предоставляет проживание, 3-разовое питание, спецодежду, обувь. Компенсация проезда  
Информация о работодателе: Строительная компания.
"
11," 
Требования:  СРОЧНО! Строительная компания приглашает на работу вахтовым методом на Север. Зарплата от 110 тыс. руб. до 140 тыс. руб. Оформление по ТК РФ, з/п 2 раза в месяц на карту. Работодатель предоставляет проживание, 3-разовое питание, спецодежду, обувь. Компенсация проезда  
Условия: Вахта  
Информация о работодателе: Строительная компания.
"
12," 
Требования:  на постоянную работу в столовую на ул. Стасова или на ул. Новороссийской. Оформление по ТК, опыт работы приветствуется, оплачиваемые переработки. График работы 4/2, з/п 1400 руб./смена, выплата з/п 2 раза в месяц, премии по итогам работы, бесплатное трехразовое питание, спецодежда  
Информация о работодателе: Столовая, ул. Стасова или ул. Новороссийская.
"
13," 
Требования:  на постоянную работу в столовую на ул. Стасова. Оформление по ТК. График работы 5/2 или 4/2, з/п 1500 руб./смена +3%, бесплатное трехразовое питание ,опыт работы приветствуется, оплачиваемые переработки  
Информация о работодателе: Столовая, ул. Стасова.
"
14," 
Требования:  в столовую на ул. Новороссийской. Оформление по ТК. График работы 5/2, з/п 1300 руб./смена, выплата з/п 2 раза в месяц, трехразовое питание, оплачиваемые переработки, опыт работы не имеет значения  
Условия: Оформление по ТК  
Информация о работодателе: Столовая, ул. Новороссийская.
"
15," Fix Price (Фикс Прайс) - международная сеть магазинов для всей семьи с широким ассортиментом товаров для дома по низким фиксированным ценам приглашает кандидатов на вакансию ПРОДАВЕЦ-КАССИР по адресу Россия, г Москва, г Троицк, мкр В, д 57     Заработная плата 40000 – 45000  рублей в месяц.       Мы предлагаем:   - Работа в крупной, стабильной и динамично развивающейся компании;  -  Сменный график работы 5/2 по 8 часов или 2/2 по 11 часов,  в зависимости от магазина;  - Выплата заработной платы два раза в месяц;  -  Премия  по результатам работы универсама;  - Прозрачная система оплаты;  - Реальный и быстрый  карьерный рост  до старшего продавца (Администратора) и Заведующего магазином.      Наши преимущества:   - Работа  рядом с домом ;  - Мы рады кандидатам как с опытом работы, так и новичкам;  - Обучение в процессе работы,  карьерный рост ;  -  Стабильный доход ;  - Бесплатная программа медицинского обслуживания;  - Возможность подработок для сотрудников.      Обязанности:   - Работа с кассой, кассовые операции и отчетность;  - Выкладка товара по планограмме, ротация товара;  - Контроль порядка в торговом зале и контроль сроков годности товара.      Требования:   - Желание работать;  - Приветствуется опыт работы в розничной торговле на позициях кассир, продавец, продавец консультант, работник торгового зала, товаровед, мерчендайзер.         Мы успешно развиваемся и приглашаем на работу ответственных и позитивных людей!    Присоединяйтесь к команде профессионалов!  "
16," 
Требования:  Требования: Опыт работы кладовщиком от трех лет. Знание номенклатуры запчастей для дорожно-строительной и самосвальной техники. Знание 1С 8.3, 1С УАТ, ЕXСЕL, Word. Образование не ниже среднего профессионального. Опыт в проведении инвентаризации. Условия: Вахта 60/30 по Красноярскому краю, питание, проживание, проезд за счет работодателя, соц.пакет, з/п 100 т.р. Отклики на сайте не заполняйте, ЗВОНИТЕ! Обращаться в г. Краснодаре: ул. Восточно-Кругликовская, 18  
Информация о работодателе: Агентство занятости.
"
17," 
Требования:  в связи с расширением филиалов. З/п от 35 тыс. руб. на руки, возможность дополнительного заработка. У нас уже 17 филиалов. Работа в разных районах г. Краснодара, в п. Южный, Индустриальный, х. Ленина. Контактное лицо: Анна  
Условия: Возможность подработок  
Информация о работодателе: ООО «Металлобаза №1».
"
18," 
Требования:  Строительная компания приглашает на работу вахтовым методом. Вахта на Север 60/30. Заработная плата 150 тыс. рублей. Обратите внимание: опыт работы в аналогичной должности строго ОБЯЗАТЕЛЕН. Оформление по ТК РФ, з/п 2 раза в месяц на карту. Работодатель предоставляет проживание, 3-разовое питание, спецодежду, обувь. Компенсация проезда  
Информация о работодателе: Строительная компания.
"
19," 
Требования:  Сфера деятельности компании: электроснабжение, автоматизация технологических процессов. Требования: грамотная речь и письмо, знание ПК‚ Word‚ Exel, навыки работы с оргтехникой, прием входящих звонков и их распределение, ведение офисной документации; входящая‚ исходящая почта, обеспечение жизнедеятельности офиса, деловая переписка. График работы 5/2 с 9.00 до 18.00. Оформление по ТК. г. Краснодар, ул. Московская, 48 Тел.: 8 (918) 34-78-741, sekretar(собака)noint.ru  
Информация о работодателе: ООО НОИНТ.
"
20," 
Требования:  График 5/2 (вечернее время, после 17 час.), сб, вс - выходные, з/п 9000 руб., ул. Рахова/ул. Зарубина"
21," 
Требования:  Высшее профильное образование. Опыт работы в аналогичной должности не менее 2-х лет. Обязанности: Контроль или проведение лабораторных анализов, испытаний и других видов исследований сырья, полуфабрикатов, материалов, конструкций и готовой продукции для определения соответствия действующим ТУ и стандартам. Осуществление расчетов по проведенным анализам, испытаниям и исследованиям, анализ полученных результатов и систематизация их. Участие в разработке ТП и исследование их в период освоения, внедрение стандартов и ТУ на используемые сырье, полуфабрикаты, материалы, а также в установлении прогрессивных норм их расхода. Выяснение причин брака и участие в разработке предложений по его предупреждению и устранению. Условия: Вахта 60/30 по Красноярскому краю, питание, проживание, проезд за счет работодателя, соц.пакет, з/п 140 т.р. Отклики на сайте не заполняйте, ЗВОНИТЕ! Обращаться в г. Краснодаре: ул. Восточно-Кругликовская, 18  
Информация о работодателе: Агентство занятости.
"
22," 
Требования:  Зарплата указана из расчета 30 рабочих дней. Требования: опыт работы по трудовой, удостоверение. Условия: Вахта 15/15 по Краснодарскому краю, проживание за счет организации, соц. пакет, з/п 40 т.р. за 15 дней. Рассматриваются только кандидаты, проживающие в Краснодарском крае. Отклики на сайте не заполняйте, ЗВОНИТЕ! Обращаться в г. Краснодаре: ул. Восточно-Кругликовская, 18  
Информация о работодателе: Агентство занятости.
"
23," 
Требования:  СРОЧНО! Строительная компания приглашает на работу вахтовым методом на Север. Заработная плата 90 тыс. руб./ месяц. Обратите внимание: опыт работы в аналогичной должности строго ОБЯЗАТЕЛЕН. Оформление по ТК РФ, з/п 2 раза в месяц на карту. Работодатель предоставляет проживание, 3-разовое питание, спецодежду, обувь. Компенсация проезда  
Информация о работодателе: Строительная компания.
"
24," 
Требования:  СРОЧНО! Строительная компания приглашает на работу вахтовым методом. Заработная плата 130 тыс. рублей. Обратите внимание: опыт работы в аналогичной должности ОБЯЗАТЕЛЕН. Вахта 60/30. Оформление по ТК РФ, з/п 2 раза в месяц на карту. Работодатель предоставляет проживание, 3-разовое питание, спецодежду, обувь. Ппроезд за счет работодателя  
Информация о работодателе: Строительная компания.
"
25," 
Требования:  СРОЧНО! Строительная компания приглашает на работу вахтовым методом. Заработная плата 80- 90 тыс. рублей. Обратите внимание: опыт работы в аналогичной должности ОБЯЗАТЕЛЕН. Вахта 60/30. Оформление по ТК РФ, з/п 2 раза в месяц на карту. Работодатель предоставляет проживание, 3-разовое питание, спецодежду, обувь. Ппроезд за счет работодателя  
Информация о работодателе: Строительная компания.
"
26," 
Требования:  Оформление по ТК РФ. Вахта 60/30. Зар/плата 90 тыс. руб./мес. Работодатель предоставляет проживание, 3-разовое питание, спецодежду, обувь. Проезд за счет работодателя  
Информация о работодателе: Строительная компания.
"
27," 
Требования:  СРОЧНО! Приглашаются на работу в строительную компанию вахтовым методом бригады, звенья, одиночки. Заработная плата 150 тыс. рублей на руки. Обратите внимание: опыт работы в аналогичной должности и удостоверение НАСК СК ОБЯЗАТЕЛЬНЫ. Вахта 60/30. Оформление по ТК РФ, з/п 2 раза в месяц на карту. Работодатель предоставляет проживание, 3-разовое питание, спецодежду, обувь. Проезд за счет работодателя  
Информация о работодателе: Строительная компания.
"
28," 
Требования:  ул. Воскресенская, 18 и ул. Международная, 10. Оформление по ТК РФ. Графики работы разные, с 8-00 до 20-00. Зарплата от 35 тыс. рублей. Тел. 8 (981) 903-35-03  
Информация о работодателе: Образовательное учреждение, пгт Сириус.
"
29," 
Требования:  подработка, в колледж. г. Краснодар, ул. Бабушкина, 307  
Информация о работодателе: Колледж, ул Бабушкина, 307.
"
30," 
Требования:  4 часа в день, желательно с опытом работы в детском саду. Обязательно: наличие мед. книжки, справки об отсут. судимости. Предоставляется полный соц. пакет, льготные путевки детям сотрудников в детский сад, льготы по оплате. Тел.: 8 (861) 233-20-45. г. Краснодар, ул. им Полины Осипенко, д. 128, Центральный округ  
Информация о работодателе: Детский сад №70, ул. Осипенко, 128.
"
31," 
Требования:  СРОЧНО! Строительная компания приглашает на работу вахтовым методом на Север. Заработная плата 125 тыс. руб./ месяц. Обратите внимание: опыт работы в аналогичной должности строго ОБЯЗАТЕЛЕН. Оформление по ТК РФ, з/п 2 раза в месяц на карту. Работодатель предоставляет проживание, 3-разовое питание, спецодежду, обувь. Компенсация проезда  
Информация о работодателе: Строительная компания.
"
32," 
Требования:  на постоянную работу. Организация находится в КАРАСУНСКОМ ОКРУГЕ. Оформление по ТК РФ, оклад 50 тыс. руб., знание программы 1С ОБЯЗАТЕЛЬНО! Подробности по тел.: 8 (918) 356-57-96  
Информация о работодателе: Организация, Карасунский округ.
"
33," 
Требования:  на MAN, КАМАЗ, ФРЕД для работы в Москве и Московской области, а также в регионах. Оформление по ТК РФ. Заработная плата от 70 тыс. руб. Тел. 8 (915) 324-52-24  
Информация о работодателе: Логистическая компания.
"
34," 
Требования:  Требуются
ОХРАННИКИ
Октябрьский район
Г/р 1/2 суток, з/п от 2000 руб./смена
Официальное трудоустройство. Обучение за счет работодателя."
35," 
Требования:   В загородный стрелковый клуб требуется
ОПЕРАТОР СТЕНДОВОЙ СТРЕЛЬБЫ
Г/р 5-дневка, 09.00-18.00 час.
З/п 28000 руб., своевременно.
Бесплатные обеды.
Место работы - Кубеково, доставка служебным транспортом.  
Информация о работодателе: ООО ЧОП ""Тамерлан"".
"
36," 
Требования:  Требуются
ОХРАННИКИ
В магазины на ул. Телевизорная, ул. Мужества
Дневные смены, 10.00-21.00 час.
З/п 1467 руб./смена
Официальное трудоустройство. Обучение за счет работодателя."
37," 
Требования:  В частный детский сад ""ЛЮБАКС"" требуется
ЛОГОПЕД (подработка)
Место работы: р-он Мичурина (ул. Московская)."
38," 
Требования:  Требуется
ПОВАР-УНИВЕРСАЛ
в кулинарный цех
З/п от 180 руб./час. Г/р 5/2 дня"
39," 
Требования:  Требуется
ОХРАННИК 4 разряда
в Пищевой техникум, ул. Партизана Железняка.
Г/р 1/2 суток, з/п 1800 руб./смена.
Официальное трудоустройство.
При необходимости предоставляется бесплатное обучение."
40,"ООО Сбербанк-Сервис   крупнейшая ИТ-сервисная компания федерального значения. Наши офисы представлены даже в самых удаленных уголках страны, а в нашей команде уже работают более 7500 профессиональных сотрудников. Если Вы ищете стабильную работу с перспективой профессионального развития, интересными задачами и дружным коллективом, направляйте Ваше резюме на нашу вакансию:  Инженер по обслуживанию систем безопасности   Обязанности:  
 
 Обслуживание, настройка систем ОПС (охранно - пожарной сигнализации), СОУЭ (систем оповещения и управления эвакуацией), СКУД (систем контроля и управления доступом), ТСВ (телевизионных систем видеонаблюдения); 
 Модернизация систем безопасности, их монтаж, устранение инцидентов; 
 Планово - профилактические работы. 
 
 Требования:  
 
 Опыт обслуживания систем безопасности; 
 Навыки монтажа слаботочных систем; 
 Умение читать проектную документацию; 
 Навыки работы в электроустановках; 
 Навыки работ на высоте; 
 Готовность к разъездному характеру работы 
 
 Условия:  
 
 Обучение специфике работы 
 Стабильная работа в одной из самых крупных сервисных компаний страны; 
 Официальное оформление по ТК РФ 
 Льготное ипотечное кредитование; 
 Возможность карьерного и профессионального роста; 
 Подключение к программе ДМС; 
 Корпоративные мероприятия и другие активности; 
 Заработная плата: ежемесячный оклад + премия по результатам работы; 
 Работа в отличном коллективе, где важно мнение каждого члена команды. 
 "
41,"Добрый день. В связи с активным развитием нашей компании и расширением штата сотрудников в нашу команду требуется менеджер по продажам.    Мы - крупная федеральная компания   ""Центр законного списания долгов"".  Оказываем помощь гражданам, которые столкнулись с проблемой невыплаты кредитов банкам и имеют непосильную финансовую нагрузку.     Работа с нами - это работа в перспективной развивающей сфере. Это продуманная до мелочей эффективная система продаж и возможность карьерного роста. У нас есть все для комфортной работы: дружный коллектив, удобный офис в центре города и интересные задачи. Мы гарантируем хороший доход при вашем желании добиваться поставленных целей и демонстрации высоких результатов.    Что нужно делать:  
 
 совершать исходящие звонки текущим клиентам; 
 принимать входящие звонки, отвечать на сообщения в мессенджерах; 
 проводить встречи в офисе, заключать договоры, выполнять план продаж; 
 у нас НЕТ ХОЛОДНЫХ ЗВОНКОВ! 
 
   Мы ждем от тебя:  
 
 опыт работы в сфере продаж; 
 грамотную устную и письменную речь; 
 ответственный подход к рабочим задачам; 
 умения общаться и убеждать людей, доносить ценность услуги. 
 
   Что мы можем предложить:  
 
 Работа в перспективной, развивающей сфере,  которая приносит пользу людям;  
 Корпоративное обучение и карьерный рост; 
 Интересные и амбициозные задачи; 
 Современный, комфортный офис в центре города; 
 График работы: 5 дневная рабочая неделя с 10:00 до 19:00; 
 Выплата З/П без задержек 2 раза в месяц; 
 Трудоустройство по ТК РФ. 
 
   Мы приглашаем не на работу! Мы приглашаем в команду!  "
42," Компания НИИ УЭТМ находится в поисках рабочего по комплексному обслуживанию и ремонту зданий      Обязанности:     обеспечение работы комплекса зданий (навыки по проведению ремонтных и сантехнических работ, погрузочно-разгрузочные работы       Требования:     Умение работать ручным и электроинструментом  Навыки электрогазосварочных работ (желательно)       Условия:    Размер зарплаты зависит от опыта и квалификации, устанавливается по результатам собеседования.   Официальное трудоустройство  Полный соц. пакет  Пятидневная рабочая неделя (пн-пт) с 8 до 17 часов.  Оборудованы место для приема пищи, душевая кабина.  Фирменная спецодежда  "
43," 
Требования:  г. Саратов, ул. Политехническая, д. 77, з/п 15000 руб., график с 9 до 16 час."
44," 
Требования:  в ночную смену. На кондитерское производство (ул. Бахметьевская, 49)"
45," 
Требования:  на продуктовую точку, график 7/7, з/п от 25000 руб."
46," 
Требования:  Ведущий производитель запчастей для двигателей самолетов и вертолетов. Осуществляем бронирование и отстрочку от мобилизации в соответствии с действующим законодательством.  
Информация о работодателе: СЭПО.
"
47," 
Требования:  В пекарню. График: 3/3. Р-н автовокзала"
48," 
Требования:  Районы и графики работы различные. Своевременная з/п, обучение, полный соцпакет"
49," 
Требования:  з/п 45000 руб., г. Энгельс, ул. Гагарина, 1 А (р-н Мясокомбината).  
Информация о работодателе: Завод ""Спецмаш"".
"
50," 
Требования:  Организации в Ленинском р-не г. Саратова для работы на объектах Министерства обороны. Командировки, з/п от 400000 руб."
51," 
Требования:  3-5-го разряда, организации в Ленинском р-не г. Саратова для работы на объектах Министерства обороны. Командировки, з/п от 400000 руб."
52," Компания ООО «ЧелябГЭТ» приглашает на работу уборщика производственных и служебных помещений мы ценим наших сотрудников, за всю историю компании ни разу не задерживали заработную плату. Будем рады видеть Вас в нашем дружном коллективе.      Требования:   Ответственное отношение к работе, добросовестное выполнение задач, поставленных руководством.      Вам предстоит:    сухая и влажная уборка служебных и складских, общественных помещений;  ручная уборка и дезинфекция санузлов, в т.ч. пополнение туалетных принадлежностей̆;  соблюдение правил санитарии и гигиены в убираемых помещениях;  очистка мусорных контейнеров, вынос мусора;  ведение журналов по уборке.       Условия:    Соц. пакет,  регулярно индексируемая, полностью белая, своевременная заработная плата,  частичная компенсация питания в столовой предприятия,  частичная компенсация проезда на общественном транспорте,  льготное посещение сауны, бассейна, спортивного зала,  на предприятии действует коллективный договор, профсоюз, трехсторонняя комиссия для разрешения трудовых споров, развитая корпоративная культура.       График работы:   Пятидневная рабочая неделя.  понедельник - четверг с 8:00 до 17:00, пятница с 8:00 до 15:45 (летний период с 8:00 до 15:00, обеденный перерыв с 12:00 до 12:36)  обеденный перерыв с 12:00 до 12:45.  выходные: суббота и воскресенье      Место работы:   Трамвайное депо № 1 - г. Челябинск, ул. Первой Пятилетки, 30 "
53," 
 Если Вы читаете это объявление, то значит Вы ищете работу/подработку с ежедневными выплатами, хорошим заработком и свободным графиком!!! 
 Водитель с личным автомобилем в  такси Ситимобил, к прямому партнеру сервиса парку ProfyTaxi!!    Условия работы:   1)Работа через приложение 2)Нет обязательных смен по 4-8 часов (график полностью свободный) 3)Можно совмещать работу с основной 4)Выплаты сразу после выполнения заказов 5) Хорошие минималки      -В средний доход в час от 600₽ до 950₽(в среднем, зависит от города) -Гарантия дохода от 5000р до 10000р в день (зависит от города) -Возможность брать заказы по пути домой -Кнопка мой район (отмечайте по карте в каком районе вам удобно работать) -Персональные цели от Ситимобил -Гео минималки в повышенный спрос -Всегда видите точку А и Б  заказа до приема   
 множество бонусов от парка    Требования для работы:      Стаж вождения на пассажирские перевозки от 3х лет На тариф доставка стаж неважен Телефон на базе Android Автомобиль без явных повреждений 
   
 "
54," Обязанности: изготовления столярных изделий (мебель,лестницы, итд)  
 
    
 
 Требования:умение читать чертежи,высчитывать размеры   
 
    
 
 Условия:знание станков  
 
    
 "
55,"На данный момент в ГК Мегаполис открыта вакансия "" ВОДИТЕЛЬ-ЭКСПЕДИТОР "". 
 ТРЕБОВАНИЯ:  
 
 Водительские права категории ""В"". 
 Стаж вождения от 1 года (желательно на газели); 
 Опыт работы водителем по трудовой книжке от 1 года. 
 
 ОБЯЗАННОСТИ:  
 
 Прием товара со склада согласно выписанных накладных; 
 Развоз товара по предприятиям, оформление необходимой документации, ответственность за полученные за товар по накладным денежные средства, сдача их в кассу в конце рабочего дня. 
 
 УСЛОВИЯ:  
 
 Оформление по ТК РФ (ежегодный оплачиваемый отпуск 28 календарных дней, оплата листка временной нетрудоспособности, соблюдение прочих гарантий по ТК РФ); 
 График работы: 5/2 с вторника по субботу, время работы с 7:00/8:00 до 16:00 (воскресенье, понедельник - выходные). 
 "
56," Обязанности:  
 
 Ведение бухгалтерского, налогового и управленческого учёта; 
 Переход 1С с редакции 7.7 на 8.3 Комплексная автоматизация; 
 Реализация проектов по оптимизации учета.   
 
 Требования:  
 
 Опыт учета производства, формирования себестоимости, управленческого учета; 
 Образование: высшее бухгалтерское (экономическое); 
 Опыт работы в должности главного бухгалтера от 3 лет (производство); 
 Знание бухгалтерского и налогового законодательства; 
 Знание учета 1С 8.3 Комплексная автоматизация. 
 
 Условия:  
 
 Работа на крупном и стабильном производственном предприятии машиностроения; 
 Оформление по ТК РФ; 
 Расширенный соцпакет; 
 Рабочий день с 8.00 до 17.00, пятидневная рабочая неделя; 
 Работа на территории работодателя (Сормовский район, ул. Зайцева, 31 п. 22); 
 Служебный автобус до Автозаводского и Ленинского района (в утреннее и вечернее время). 
 "
57," Ищем менеджера по продажам услуг - администратора в детскую студию развития «ТОТ»      Обязанности:    • Проводить клиентам презентацию продуктов детской студии, ориентировать по ценам и акциям  • Выявлять потребности клиентов в обучении детей  • Активно продавать продукты компании  • Отрабатывать возражения, подводить к принятию решения  • Работать с рекламациями клиента, с целью сохранения лояльности к студии  • Работать с базой данных клиентов в CRM системе, с договорами  • Работать с кассой/банковским терминалом  • Принимать звонки, взаимодействовать с клиентами во всех мессенджерах и соцсетях  • Следить за чистотой и порядком в студии (наличие мыла, туалетной бумаги, канцелярских товаров, расходных материалов и т.д.), своевременно информировать Управляющего о необходимости закупок  • Вести отчётность по продажам, табель рабочего времени сотрудников и документооборот      Требования:    • Опыт продаж  • Доброжелательность и отзывчивость  • Умение четко и доходчиво излагать свои мысли, грамотная устная и письменная речь  • Высокая ответственность и самоорганизация  • Умение работать в режиме многозадачности и четко расставлять приоритеты      Условия:    • График 5/2 с 15:00 до 21:00  • Официальное трудоустройство  • Коллектив дружный и молодой  • Оклад + премия      Резюме необходимо направлять на электронную почту "
58,"  Обязанности:  Производство работ по СПК и вент.фасадам. Организация и ведение работ на строительном объекте, расстановка бригад, ведение контроля качества работ. Сдача выполненных работ заказчику и техническому надзору. Подготовка комплекта исполнительной документации.  
 
    
 
  Требования:  Коммуникабельность и умение управлять коллективом. Умение читать проектную документацию. Опыт работы по СПК и вент.фасадам от 3-х лет. Опыт руководящей работы, умение работать в Автокаде и сопутствующих программах.  
 
    
 
  Условия:  Работа по Москве и Московской области. Наличие личного автотранспорта.   
 
    
 "
59,"  Обязанности:  Производство работ по СПК и вент.фасадам. Организация и ведение работ на строительном объекте, расстановка бригад, ведение контроля качества работ. Сдача выполненных работ заказчику и техническому надзору. Подготовка комплекта исполнительной документации.  
 
    
 
  Требования:  Коммуникабельность и умение управлять коллективом. Умение читать проектную документацию. Опыт работы по СПК и вент.фасадам от 3-х лет. Опыт руководящей работы, умение работать в Автокаде и сопутствующих программах.  
 
    
 
  Условия:  Работа по Москве и Московской области. Наличие личного автотранспорта.   
 
    
 "
60," Обязанности:  
 
 Поиск клиентов для размещения контракта 
 Продажа услуг компании, продукция полиграфии 
 
 Требования:  
 
 Коммуникабельность, умение разговаривать с заказчиком, ответственность 
 Желание работать и совершенствоваться 
 
 Условия:  
 
 Не полный рабочий день 
 Пенсионеры, мамочки, надомники 
  
 "
61,"  Обязанности:    продвижение бизнеса  учет и планирование финансовой деятельности бизнеса  бухгалтерия и отчетность в налоговой   Требования :   Знание 1С,   опытный пользователь windows 7, office  грамотность, порядочность,  творческий подход к поиску способов выполнения оставленных задач  стрессоустойчивость  ответственность за свои действия   Условия :   полный рабочий день    "
62," Обязанности:  
 
 Активный и самостоятельный поиск новых клиентов (Крестьянско-фермерские хозяйства, агро-промышленные холдинги, частные фермеры, розничные покупатели) (Ростовская область, ЮФО). Прямые продажи.  
 Личные переговоры на уровне лиц, принимающих решения, подготовка коммерческих предложений. 
 Выезд к потенциальным клиентам для проведения переговоров, презентаций и закладки опытов. 
 Заключение договоров, контроль дебиторской задолженности, отчетность, заполнение базы СРМ. 
 Участие в профильных выставках, семинарах, днях поля. 
 
 Требования:    
 
 Агрономическое образование ИЛИ опыт работы в сельском хозяйстве (агроном, фермер, продажи)- Обязательно. 
 Опыт активных прямых продаж от 2 лет 
 Хорошее знание региона, 
 Наличие клиентской базы с/х предприятий и фермерских хозяйств является преимущественным фактором, 
 Готовность обучаться 
 Навыки проведения переговоров (в том числе с первыми лицами компаний) и гибкость принятия решений, 
 Наличие водительского удостоверения и готовность к разъездному характеру работы. 
 
 Условия:   
 
 Оплата за результат: оклад + бонус от личных продаж, 
 Размер оклада зависит от квалификации, обсуждается по результатам собеседования, 
 Корпоративная мобильная связь, топливная карта, служебный автомобиль (после прохождения испытательного срока), 
 комфортный офис в центре со своей парковкой, 
 обучение и перспектива роста (как доходов, так и карьеры). 
 "
63," Требования:  
 
 Наличие своего автомобиля 
 Водительские права категории B 
 Стаж вождения от 1 года 
 
 Обязанности:  
 
 Доставка документов по Москве 
 
 Условия:  
 
 Заработная плата от 55 000 рублей + бензин + оплата мобильной связи + бонус 
 Офис м. Павелецкая 
 "
64," Легенда американского фаст-фуда приглашает на работу всех, кто ищет свою первую работу, кто хочет совмещать работу и учебу, кто готов начать карьеру в ресторанном бизнесе!      От тебя требуется:    Коммуникабельность;  Желание работать в дружном коллективе;       Что будет входить в твои обязанности:    Приготовление блюд по стандартам компании;  Расчет гостей на кассе;  Прием и выдача заказа;  Поддержание чистоты в ресторане    Условия работы    Работа рядом с домом по гибкому графику;  Официальное оформление, «белая» заработная плата;  Оплачиваемая мед.книжка;  Работа в крупной международной компании;  Возможность быстрого карьерного роста.  "
65," ООО ""НПФ ""XXI век"" выполняет работы по строительству и ремонту автомобильных дорог, тротуаров и др. элементов благоустройства    Стабильность и надёжность нашей компании   это уверенность в завтрашнем дне. Присоединяйтесь к нашей команде!     Мы приглашаем на работу  Водителей автомобиля КАМАЗ                                         Требования:    
 
 категория  C 
 опыт работы от 1 года 
 
     Обязанности:    
 
 Управление автомобилем 
 Перевозка сыпучих грузов 
 Работа с путевыми листами 
 Соблюдение правил дорожного движения 
 Четкое выполнение заданий полученных от мастеров на объектах и диспетчеров 
 Мелкий ремонт и ТО  поддержание техники в исправном состоянии. 
 
     Условия:    
 
 график 12/2 
 официальное оформление по ТК РФ,  
 предоставление спецодежды, медосмотры 
 предоставление ежегодного отпуска 35 дней, оплата больничных 
 своевременная выплата зарплаты 2 раза в месяц, зарплата ""белая"" 
 работа в большом и дружном коллективе. 
 
(Иногородним предоставляется общежитие, которое находится рядом с базой)      Обращаться с понедельника по пятницу, с 08.00 до 17.00.     "
66,"Привет :) Меня зовут Марина я руководитель отдела по подбору персонала колл-центра IP-call. На данный момент мы в поиске  оператора Колл-центра.   Мы являемся аутсорсинговым КЦ, который работает с cpa-сетями. У нас только горячие звонки. Мы работаем с самыми топовыми и востребованными товарами (мелкая электроника, товары для хобби, детские товары (игрушки), декоративная и уходовая косметика и т д).  Что мы тебе предлагаем:  
 
 полностью удаленная работа (регион и страна проживания не важны); 
 7 вариантов графиков на выбор (график фиксированный 2/2 с выбором дневной, вечерней или ночной смены); 
 еженедельные выплаты зар платы; 
 сдельная оплата за каждый подтвержденный заказ (прозрачная система, вы контролируете свой баланс в CRM); 
 бонус за эффективность до 100%; 
 средний доход опытного сотрудника 40000 руб., 
 бонус за приведенного друга до 7500 руб.; 
 карьерный рост (большинство менеджеров КЦ - это бывшие операторы). Проводим отбор в отделы: Набора и обучения, Контроля качества, Отдел продаж (Руководитель группы). 
 
 Как происходит оформление заказа (процесс работы):  
 
 Клиент оставил заявку на товар, система соединяет его с оператором КЦ; 
 Оператор консультирует клиента по товару (скрипт открывается автоматически по нужному товару в системе), помимо основного товара предлагает дополнительные (например, к монокуляру приобрести футляр); 
 Оператор фиксирует в карточке заказа данные клиента и доставки, после закрытия заказа, на баланс оператора в системе сразу начисляется сумма за него. 
 
 Мы сработаемся, если:  
 
 У тебя грамотная речь и хорошие коммуникативные навыки; 
 Любишь общаться с людьми, имеешь позитивный взгляд на жизнь; 
 У тебя есть ПК или ноутбук со стабильным интернетом, а также тихое помещение для работы. 
 
 Заинтересовало?   Откликайся на вакансию , мы свяжемся в течение 2 рабочих дней и пришлем ссылку на анкету. После заполнения анкеты, пришлем подробную информацию о работе, ответим на возникшие вопросы и запишем на обучение. Удачи! "
67," В семью из 4-х человек требуется домработница/помощница по дому с проживанием.     Уборка дома площадью 700 кв.м, деликатные поверхности, смена постельного белья, уход за гардеробом (сортировка белья, стирка, глажка (парогенератор), выведение пятен, ручная стирка, чистка обуви), поддержание чистоты и порядка в шкафах, своевременная чистка и уход за бытовой техникой, сезонное мытье окон.     Приготовление еды по необходимости (домашняя кухня, диетическое питание), сервировка стола и подача блюд. Поддержание чистоты в холодильниках, контроль за сроками годности продуктов.     Уход за домашними животными (кошки), разовые поручения.     График работы - 6/1 (5/2 по договоренности)     Оплата - 100 000 рублей в месяц.     Проживание в отдельной комнате для персонала, покупка продуктов питания за счет работодателя.     Требования к кандидатам: опыт работы помощницей по хозяйству/домработницей с проживанием в семье, готовность работать в команде, социально уравновешенная, активная, подвижная, опрятный внешний вид, без вредных привычек. Наличие медицинской книжки и/или согласие пройти медицинское обследование по просьбе работодателя.     Прямой работодатель, подробности по телефону. "
68," АНО ДООЦ Алые паруса - прямой работодатель!       Обязанности:  
 
 Изготовление продукции хлебобулочного ассортимента в соответствии с утверждённым меню. Раздача. 
 
 Требования:  
 
 Среднее профессиональное (в т.ч. начальное профессиональное 
 Наличие медицинской книжки 
 
 Условия:  
 
 на постоянной основе 
 сменный график работы 
 адрес работодателя:   р-н Тюменский, с Червишево, 24 км Червишевского тракта 
 ежедневная развозка 
 ждем Ваши резюме 
 "
69,"  Обособленное подразделение ООО ""ТрансСтройКомплект"" - прямой работодатель! Организация занимается услугами грузового автотранспорта, строительство лежневых дорог!   
  
 Обязанности:  
  
 
 Формирование полной и достоверной информации о порядке формирования данных о величине доходов и расходов организации, определяющих размер налоговой базы отчетного налогового периода, 
 Осуществление ведения налоговых регистров, расчет налогов, подготовки и сдач налоговой и статистической отчетности, составление реестров начислений и уплаты налогов и сборов в бюджет для сверки с налоговыми органами, прохождение камеральных и выездных проверок 
 
 Требования:   
 
 необходим опыт работы в транспортных предприятиях, знание организации грузоперевозок 
 высшее профильное образование 
   
 
 Условия:   
 
 оформление согласно трудовому законодательству РФ 
 Пятидневная рабочая неделя с 8-00 до 17-15 
 оклад 
 адрес работодателя: г Тюмень, ул 50 лет Октября, д. 62а, корп. 3 (Остановка ""Школа №7"") 
 дружный коллектив, комфортные условия труда 
 ждем Ваши резюме 
   
 "
70," В ООО  Урайское управление технологического транспорта  требуются водитель категории С (1-3 класса)       Обязанности:  
 
   управление транспортом 
 
 Требования:  
 
 водительское удостоверение кат С (1-3 класс) 
 опыт вождения 
 
 Условия:     
 
 Вахта 15х15 и 30х30 дней 
 Полный соцпакет. 
 Проживание за счет работодателя в общежитии. 
 Обеспечение спецодеждой. 
 Стабильная выплата зарплаты. 
 Официальное трудоустройство. 
 Компенсация проезда к месту работы и обратно. 
 Материальная помощь к отпуску. 
 Заработная плата зависит от класса водителя и указана к получению на руки за 15 дней вахты.   
 "
71,"  Тюменская домостроительная компания - прямой работодатель!   
  
 Обязанности:  
 
 Обслуживание покупателей: нарезка, взвешивание и упаковка продовольственных товаров, подсчет стоимости покупки, проверка реквизитов чека, выдача покупки; 
 Осуществление подготовки товаров к продаже: проверки наименований, количества, сортности, цены, состояния упаковки и правильности маркировки, распаковки, осмотра внешнего вида; 
 Контроль своевременного пополнения рабочего запаса товаров, их сохранности; 
    
 
 Требования:  
  
 
 Среднее профессиональное (в т.ч. начальное профессиональное) 
 Наличие медицинской книжки. 
 НПО с присвоением квалификации ""Продавец"", ""Бухгалтер"" 
 
  
  Условия:    
 
 На постоянной основе 
 Пятидневная рабочая неделя, с 08:00 до 17:00; 
 Своевременная официальная заработная плата; 
 Оформление согласно ТК РФ 
 Адрес работодателя: г Тюмень, ул Республики, д. 253 
 Комфортные условия труда 
 Ждем Ваши резюме  
 "
72," ФЕДЕРАЛЬНОЕ ГОСУДАРСТВЕННОЕ БЮДЖЕТНОЕ ОБРАЗОВАТЕЛЬНОЕ УЧРЕЖДЕНИЕ ВЫСШЕГО ОБРАЗОВАНИЯ ""ТЮМЕНСКИЙ ИНДУСТРИАЛЬНЫЙ УНИВЕРСИТЕТ"" - прямой работодатель! 
 Обязанности:  
  
 
 Сопровождение реализации программ академической мобильности студентов Университета. 
 Взаимодействие с международными  фондами, стипендиальными программами,  грантодателями. 
 Сопровождение международных программ повышения квалификации и стажировок ППС Университета. 
 Взаимодействие с зарубежными университетами в части реализации академических обменов ППС. 
 Сопровождение участия подразделений вуза в международных программах и проектах. 
 Сопровождение проведения международных мероприятий и визитов иностранных делегаций в Университет. 
 Обеспечение информирования подразделений о программах международного сотрудничества.​  
 
 Требования:    
 
 Требуемый опыт работы: более 3х лет 
 Высшее образование; 
 Приветствуется опыт работы в реализации международных проектов и программ, 
 Знание иностранных языков, навык деловой переписки на иностранном языке; 
 Обязательно: английский язык   свободное владение, преимущество - владение китайским языком 
 Уверенное владение ПК, программами MS Office; 
 Опыт межкультурной коммуникации, обучение за рубежом; 
 Опыт работы: от 3 лет 
 Образование: Высшее 
 Английский - Свободный 
 
 Условия:    
 
 ​Официальное трудоустройство 
 Полный соц.пакет 
 ​На постоянной основе 
 ​Пятидневная рабочая неделя (8:45-18:00, ПТ - сокращенный день); 
 Возможность профессионального развития и карьерного роста; 
 Зарубежные командировки 
 Адрес работодателя: ул Володарского, д. 38 
 Комфортные условия труда 
 Дружный коллектив 
 Ждем Ваши резюме 
 "
73,"  ГБУЗ ТО ""Областная клиническая психиатрическая больница"" (филиал №1) - прямой работодатель!  
  
 Обязанности:   
 
 Выполняет перечень работ и услуг для диагностики заболевания, оценки состояния больного и клинической ситуации в соответствии со стандартом медицинской помощи. 
   
 
 Требования:    
 
 Высшее профильное образование 
 Знать правила и нормы по охране труда, технике пожарной безопасности. 
 
   Условия:   
  
 
 На постоянной основе 
 Официальное трудоустройство 
 Полный соцпакет 
 Пятидневная рабочая неделя 
 Оклад 
 Карьерный рост 
 Предоставление нового служебного благоустроенного жилья 
 Ждем ваши резюме! 
 "
74," АО ""Завод ТРДМ"" - прямой работодатель!  
  
 Обязанности:  
  
 
 работа на ленточнопильных станках; 
 работа на пробивных станках; 
 работа на вертикально сверлильных станках.  
 
 Требования:  
 
  Среднее профессиональное (в т.ч. начальное профессиональное) 
  Средне-специальное образование, опыт работы от 1 года; умение читать чертежи 
 
 Условия:  
 
 официальное трудоустройство и социальный пакет согласно ТК РФ; 
 своевременная официальная заработная плата; 
 индексация заработной платы 2 раза в год; 
 предоставление льгот и компенсаций (единовременные выплаты при рождении ребенка, премии к юбилейным датам, материальная помощь), премия по итогам работы за сезон; 
 охраняемая стоянка для личного транспорта; 
 развозка транспортом предприятия (4 маршрута); 
 столовая на территории завода (частичная компенсация питания), спортивный и тренажерный зал. 
 на постоянной основе 
 пятидневная рабочая неделя 
 сдельная форма оплаты трудв 
 "
75,"  
 ОБЩЕСТВО С ОГРАНИЧЕННОЙ ОТВЕТСТВЕННОСТЬЮ ""ТАЛЬНИК"" - прямой работодатель!   
  
 Обязанности:  
 
 Выполняет:  продольный и поперечный раскрой пиломатериалов из древесины твердых пород на многопильных и круглопильных станках;   раскрой бревен и заготовок из круглых лесоматериалов на круглопильных и ленточных  индивидуальный комбинированный раскрой пиломатериалов на заданные отрезки в лесопильном потоке 
 
 Требования:  
 
 Среднее профессиональное (в т.ч. начальное профессиональное) 
 Стрессоустойчивость, исполнительность, внимательность, дисциплинированность 
 
 Условия:  
 
 На постоянной основе 
 Официальное трудоустройство 
 Пятидневная рабочая неделя 
 Оклад 
 Адрес работодателя: г Ялуторовск, ул Л.Чайкиной, д. 50в 
 Комфортные условия труда 
 Ждем Ваши резюме 
 "
76,"    Индивидуальный предприниматель Ибрагимова Ирина Владимировна - прямой работодатель!        Обязанности:  
 
 выполнение операций по техническому обслуживанию и ремонту тракторов и спец. техники.  
 выявление и устранение неисправностей и деффектов, подбор необходимого инструмента, деталей и материалов 
 определение трудоемкости ремонта, соблюдения правил техники и безопасности, норм охраны труда и правил противопожарной безопасности  
 
 Требования:  
 
 опыт работы с диагностическим оборудованием 
 знание устройства и технологии ремонта тракторов и спецтехники, различных марок, 
 наличие удостоверения 
 
 Условия:  
 
  адрес работодателя:  р-н Тюменский, рп Винзили, ул Агротехническая (мкр Пышминская долина), д. 71/3  
 заработная плата 30 тыс рублей + премия 
 на постоянной основе 
 пятидневная рабочая неделя 
 сдельная форма оплаты труда 
 ждем Ваши резюме 
 "
77," Требуется стоматолог- терапевт, стоматолог-хирург, стоматолог общей практики  "
78," ОБЩЕСТВО С ОГРАНИЧЕННОЙ ОТВЕТСТВЕННОСТЬЮ ""ТАЛЬНИК"" - прямой работодатель!  
  
 Обязанности:  
 
 Выполняет:  продольный и поперечный раскрой пиломатериалов из древесины твердых пород на многопильных и круглопильных станках;   раскрой бревен и заготовок из круглых лесоматериалов на круглопильных и ленточных  индивидуальный комбинированный раскрой пиломатериалов на заданные отрезки в лесопильном потоке.  
 
 Требования:  
 
 Среднее профессиональное (в т.ч. начальное профессиональное) 
 Стрессоустойчивость, исполнительность, внимательность, дисциплинированность  
 
 Условия:  
 
 Официальное трудоустройство 
 Полный соцпакет 
 Пятидневная рабочая неделя с 8-00 до 17-00 
 Оклад 
 Адрес работодателя:  г Ялуторовск, ул Л.Чайкиной, д. 50в 
 Ждем Ваши резюме! 
 "
79,"  ГБУ ТО Объединение АВ и АС (автовокзал) - прямой работодатель!   
  
 Обязанности:  
 
 ​Оформляет и продает билеты, посадочные талоны, квитанции по оплате багажа и различных услуг, установленных сборов и других проездных и перевозочных документов пассажирам на автомобильном транспорте в соответствии с действующей технологией. 
    
 
 Требования:    
 
 нет требований  к стажу 
 Уверенный   пользователь компьютера 
 Среднее   профессиональное (в т.ч. начальное профессиональное)​ 
 ​Сертификат о прививке 
 
 Условия:   
 
 ​Оформление по ТК РФ 
 Тарийфная система оплаты труда 
  Адрес работодателя, г Тюмень, ул Пермякова, д. 9  
 ​Сменный график работы 2 через 2 по 11 часов (плавающий график), работа на Тюменском автовокзале 
 Ждем Ваши резюме  
 "
80," В ООО  Урайское управление технологического транспорта  требуется заместитель начальника транспортного участка  
  
 Обязанности:  
 
 Осуществляет выполнение перевозок по договорным обязательствам, обеспечивает технически правильную эксплуатацию автомобилей, эффективное использование подвижного состава. Изучает грузопотоки, режимы работы, объемы перевозок и с учетом конкретных условий организует бригады водителей, исходя из плана перевозок, устанавливает им задания. Организует контроль за техническим состоянием автомобилей и выпуск их на линию в строгом соответствии с утвержденным графиком перевозок. Обеспечивает контроль за работой водителей на линии, в случае необходимости обеспечивает оказание технической помощи. Участвует в составлении грузовых карт и маршрутных сетей.  
 Следит за своевременностью направления автомобилей на техническое обслуживание. Организует приемку поступающих в эксплуатацию подвижного состава и оборудования. Проводит работу по предупреждению дорожно - транспортных происшествий, повышению уровня технических знаний, укреплению производственной и трудовой дисциплины работников. Участвует в расследовании причин аварий, поломок, повреждений, простоев, нарушений правил технической эксплуатации дорожного движения 
 Осуществляет производственный инструктаж водителей, контролирует соблюдение ими производственной и трудовой дисциплины, правил и норм охраны труда. 
 
 Требования:  
   
 
 высшее образование в сфере транспорта 
 опыт работы с персоналом 
 
 Условия:  
 
 Вахта 15х15 и 30х30 дней 
 Полный соцпакет. 
 Проживание за счет работодателя в общежитии. 
 Обеспечение спецодеждой. 
 Стабильная выплата зарплаты. 
 Официальное трудоустройство. 
 Компенсация проезда к месту работы и обратно. 
 Материальная помощь к отпуску. 
 Заработная плата зависит от класса водителя и указана к получению на руки за 15 дней вахты.  
 "
81,"    В ООО  Урайское управление технологического транспорта  требуется начальник транспортного участк    Обязанности:  
 
 Осуществляет выполнение перевозок по договорным обязательствам, обеспечивает технически правильную эксплуатацию автомобилей, эффективное использование подвижного состава. Изучает грузопотоки, режимы работы, объемы перевозок и с учетом конкретных условий организует бригады водителей, исходя из плана перевозок, устанавливает им задания. Организует контроль за техническим состоянием автомобилей и выпуск их на линию в строгом соответствии с утвержденным графиком перевозок. Обеспечивает контроль за работой водителей на линии, в случае необходимости обеспечивает оказание технической помощи. Участвует в составлении грузовых карт и маршрутных сетей.  
 Следит за своевременностью направления автомобилей на техническое обслуживание. Организует приемку поступающих в эксплуатацию подвижного состава и оборудования. Проводит работу по предупреждению дорожно - транспортных происшествий, повышению уровня технических знаний, укреплению производственной и трудовой дисциплины работников. Участвует в расследовании причин аварий, поломок, повреждений, простоев, нарушений правил технической эксплуатации дорожного движения 
 Осуществляет производственный инструктаж водителей, контролирует соблюдение ими производственной и трудовой дисциплины, правил и норм охраны труда. 
 
 Требования:     
 
 высшее образование в сфере транспорта 
 опыт работы с персоналом 
 
    Условия:  
 
 Вахта 15х15 и 30х30 дней 
 Полный соцпакет. 
 Проживание за счет работодателя в общежитии. 
 Обеспечение спецодеждой. 
 Стабильная выплата зарплаты. 
 Официальное трудоустройство. 
 Компенсация проезда к месту работы и обратно. 
 Материальная помощь к отпуску. 
 Заработная плата зависит от класса водителя и указана к получению на руки за 15 дней вахты. 
 "
82," В ООО  Урайское управление технологического транспорта  требуются  Машинист паровой передвижной депарафинизационной установки 5 разряда  
 Обязанности:  
 
 
Обслуживает паровые передвижные депарафинизационные установки и агрегаты, смонтированные на шасси автомобиля с рабочим давлением пара свыше 95 кгс/кв.см включительно. 
 
 
Готовит установку, агрегат к работе на объекте. 
 
 
Ведет технологический процесс по депарафинизации нефтяных скважин, отходящих линий, нефтесборных установок, прогревает водоводы и другие промышленные технологические объекты паром. 
 
 
Связывает агрегаты со скважинами, промышленными технологическими установками. 
   
 
 Требования:   
 
 Удостоверение по специальности 
 Опыт работы от 1 года 
 Водительское удостоверение кат. С 
   
 
 Условия:  
  
 
 Полный соцпакет. 
 Проживание за счет работодателя в общежитии. 
 
 
 Обеспечение спецодеждой. 
 Стабильная выплата зарплаты. 
 Официальное трудоустройство. 
 Компенсация проезда к месту работы и обратно. 
 Материальная помощь к отпуску. 
 Заработная плата зависит от класса водителя и указана к получению на руки за 15 дней вахты. 
 "
83," 
Требования:  С связи с расширением набираем команду автомойщиков с опытом и без опыта работы (всему научим в процессе работы).
Кого мы ждем в команду?
- Крепких, выносливых мужчин, возраст не имеет значения, принимаем студентов с 16 лет.
- Ждем от Вас порядочность, ответственность, трудолюбие, чистоплотность.
- Принимаем граждан:
- РФ, РБ, ЛНР, ДНР,
- Киргизии, Казахстана (паспорт, миграционная карта, регистрация),
- Таджикистана, Узбекистана (паспорт, миграционная карта, патент по СПб.).
Наши условия :
- Достойная оплата труда;
- Удобный график, возможность совмещать с основной работой;
- Теплый паркинг в ТРК;
- Все условия для отдыха;
- Фирменная одежда;
- Вы легко сможете ежедневно контролировать, сколько Вы заработали , через приложение;
- Ежедневный аванс.
От себя мы гарантируем ежедневный большой поток машин, без работы Вы не останетесь никогда.
Мы заинтересованы в карьерном росте своих сотрудников, компания ежемесячно расширяется.
80% автомойщиков перешли на должности администраторов и управляющих.
Мы настроены на долгосрочные трудовые отношения. Если Вы оказались в трудной жизненной ситуации, мы поможем Вам с проживанием. Вся информация по телефону или в личные сообщения в ВК vk.com/id70588194  
Информация о работодателе: М3.
"
84,"  АО Тюменская домостроительная компания - прямой работодатель!   
  
 Обязанности:  
  
 
 организация и контроль проведения обучения работников в образовательных организациях; 
 поиск, подбор персонала и проведение интервью с кандидатами. 
 
 Требования:   
 
 высшее образование, специальность ""Менеджмент"", ""Управление персоналом"" 
 наличие организаторских способностей 
 
 Условия:  
 
 временная вакансия (декретное место) 
 официальное трудоустройство 
 пятидневная рабочая неделя с 8-00 до 17-00 
 оклад 
 адрес работодателя: Республики, д.253 
 комфортные условия труда 
 ждем Ваши резюме 
   
 "
85," МЫ ГАРАНТИРУЕМ:  
 
 Интересную работу в Компании-лидере агропромышленного сектора 
 Перспективы карьерного роста 
 Современный комфортабельный офис 
 Молодой дружный коллектив 
 Официальное оформление по ТК РФ 
 Бесплатная доставка корпоративным транспортом до места работы и обратно 
 
 ЗОНЫ ОТВЕТСТВЕННОСТИ:  
 
 Осуществлять экологическое сопровождение предприятий по всем вопросам природопользования и охраны окружающей среды 
 Разрабатывать природоохранную документацию 
 Координировать процессы получения разрешительной документации 
 Разрабатывать проекты перспективных и текущих планов проведения мероприятий по охране окружающей среды 
 Осуществлять контроль состояния окружающей среды в сфере влияния предприятия (организация лабораторных исследований, анализ данных, производственный экологический контроль) 
 Заключать договоры на оказание необходимых экологических услуг 
 
 ТРЕБОВАНИЯ:  
 
 Высшее профильное образование 
 Вдумчивый подход к выполнению рабочих задач 
 Уверенный пользователь ПК 
 "
86,"  Обязанности:   подбор цвета автомобильных красок   ведение и учет склада лакокрасочных материалов  
 
    
 
  Требования:   Образование - худ.граф (рекомендуется)   опыт работы НЕ ТРЕБУЕТСЯ   обучаемость   Аккуратность   Ответственный поход к работе  
 
    
 
 Условия:  

работа в крупной и динамично развивающей компании, молодой и дружный коллектив, официальное трудоустройство, полный соц. пакет. 

 
 
    
 "
87,"  Обязанности:  Охрана объекта  
 
    
 
  Требования:  Наличие действующего удостоверения частного охранника  
 
    
 
  Условия:  официальное трудоустройство, выплата заработной платы 2 раза в месяц, оплпата больничных листов, ежегодный оплачиваемый отпуск, возможно  обучение за счет организации  
 
    
 "
88,"  Обязанности:  Обеспечение порядка на охраняемых объектах. Внутриобъектовый, пропускной режим. Ведение установленной документации  
 
    
 
  Требования:  Наличие действующего удостоверения частного охранника.  
 
    
 
  Условия:    Официальное трудоустройство.   Сменный график работы. Выплата заработной платы 2 раза в месяц. Ежегодный оплачиваемый отпуск. Соц пакет. Работа на объектах г. Челябинск, г. Златоуст, г. Курган,   
 
    
 "
89," Обязанности: Обслуживание офиса , проведение проверки знаний на группу по электробезопасности  
 
    
 
 Требования:высшее , среднее-техническое , стаж работы не менее 5 лет , IV гр. до и выше 1000 В.  
 
    
 
 Условия:  
 
    
 "
90," Обязанности:  
 
   Намотка обмоток трансформаторов любой сложности 
 
 Требования:  
 
   Среднее профессиональное техническое образование 
   Умение читать чертежи (базовые знания) 
   Опыт работы приветствуется 
 
 Условия:  
 
   Работа на современном заводе по производству силовых трансформаторов (месторасположение Колпинский район, пос. Металлострой); 
  Официальное оформление; 
  График работы: 3/3 
  Возможности для профессионального и карьерного роста; 
  Доставка на предприятие корпоративным транспортом от метро (Ленинский пр., Звездная, Электросила, Московская, Купчино, Рыбацкое, Колпино, Металлострой, Тосно); 
  Отличные условия труда. 
 "
91,"  Обязанности:    • Создание карточек товаров на маркетплейсе  • Аналитика продаж поставляемых товаров, а также предложение решений по увеличению прибыли.  • Мониторинг конкурентов: исследование цен и стратегии продаж.  • Отслеживание изменений в работе маркетплейса.      Требования:    • Опыт работы с маркетплейсами  • Ответственный сотрудник      Условия:    • График работы 5/2 в офисе  • Карьерный рост и перспектива развития  • Достойный уровень дохода  (Обсуждается на собеседовании)   • Безлимитная корпоративная связь для всех сотрудников компании  • Молодой и дружный коллектив "
92," Обязанности:     
 
 Осуществление высококачественного окрашивания внутренних и наружных поверхностей деталей и сборочных узлов трансформатора (грунт-эмаль, цинк-грунт) безвоздушным способом 
 Отделка, окончательная подготовка, грунтование и шлифование поверхностей. 
 
    Требования:  
 
   Стаж работы по специальности не менее 1 года 
   Наличие удостоверения 
 
 Условия:  
 
   Работа на современном заводе по производству силовых трансформаторов (месторасположение Колпинский район, пос. Металлострой); 
 Официальное оформление; 
 График работы: 3/3 с 8.00 до 20:00; 
 Возможности для профессионального и карьерного роста; 
 Доставка на предприятие корпоративным транспортом от метро (Ленинский пр., Звездная, Электросила, Московская, Купчино, Рыбацкое, Колпино, Металлострой, Тосно); 
 Отличные условия труда. 
 "
93,"   ПРИВЕТ, ДРУГ! ТЫ ЗНАЕШЬ, ЧТО В ПИВКО ЛЕТАЮТ ОТДЫХАТЬ ЗА СЧЁТ КОМПАНИИ КОЛЛЕКТИВОМ? ПРОВОДЯТ ДЕГУСТАЦИИ ДЛЯ СОТРУДНИКОВ В ЛУЧШИХ ПАБАХ ГОРОДА? ИМЕЮТ ВОЗМОЖНОСТЬ РЕГУЛЯРНО ПРОХОДИТЬ ОБУЧЕНИЕ И ПОВЫШАТЬ ДОЛЖНОСТЬ В КОМПАНИИ? У нас именно так!     А вообще ГК ПивКо работает на рынке уже более 10 лет. О том, что мы активно развиваемся говорят следующие факты: 500+ магазинов «ПивКо», 11 пиццерий сети «Italian Pizza», 2 завода «Averton Snack» и «Averton Drinks», собственная пивоварня «Арамильская Бойлерная».   В нашей большой сети магазинов ПивКо открыта вакансия продавца в НОВЫЙ МАГАЗИН! Продавец для нас – лицо компании, именно он создаёт атмосферу в магазине, благодаря которой складывается положительное впечатление у покупателей.     В КАЖДОМ ИЗ 500 МАГАЗИНОВ ТЕБЯ ЖДЁТ:       Целый календарь событий: спартакиады, походы в боулинг, пейнтбол, поездки на картинге, конкурсы на лучший магазин (среди призов: экскурсионные поездки в разные города (Санкт-Петербург, Сочи))   Хайповая молодая команда: в нашем клубе Pivko Family более 1000 человек;   Заботливый босс;   Акция «Приведи друга»: приводи друзей в компанию и получай за это приятный бонус к ЗП;   Понятные перспективы карьерного роста: уже через 6 месяцев ты сможешь пройти обучение и стать управляющим магазина;   Обучение продукту: вместе едим продукцию нашей собственной торговой марки и проводим дегустации разливных напитков в лучших пабах города;   Адрес - Нижний Тагил, Ленинградский проспект, 40; (ТАКСИ ПОСЛЕ СМЕНЫ);   Сменный график работы – 2/2 (также для студентов возможна подработка в графике 2/2 по вечерам или выходным);   Заработная плата стабильно 2 раза в месяц;   Трехдневная оплачиваемая стажировка;   Официальное трудоустройство в стремительно развивающейся компании со стабильным брендом.       ЧЕМ ПРЕДСТОИТ ЗАНИМАТЬСЯ, РАБОТАЯ У НАС:       С улыбкой встречать каждого покупателя и дарить хорошее настроение окружающим;   Работать с кассой и системой розлива напитков;   Делиться знаниями с покупателями об ассортименте, соблюдая стандарты обслуживания;       НЕ ОТКЛАДЫВАЙ НИ МИНУТЫ, ЗАПИШИСЬ НА СОБЕСЕДОВАНИЕ ПРЯМО СЕЙЧАС:       Оставляй отклик на вакансию;   Звони по указанному номеру телефона;       Будем рады видеть тебя в команде ПивКо!       "
94," Транспортная компания предлагает постоянную работу, водителям с авто-рефрижератором, на доставку продуктов питания по торговым точкам.        Обязанности:  Доставка продукции по торговым точкам Калуги и области, Москве и обл. Сопровождение документации. Сохранность груза.   
 
    
 
  Требования:  Наличие медицинской книжки, температурный режим в кузове +1 - +5. Ответственность, коммуникабельность.     Опыт работы водителем-экспедитором от 1 года.   
 
    
 
  Условия:  5-дневная рабочая неделя/гибкий график     "
95," Обязанности:  
- Учет наличия на складе хранящихся материальных ценностей и ведение отчетной документации по их движению 
- Знание норм и правил ведения складского хозяйства 
- Приемка, хранение и отгрузка товаров 
- Рациональное размещение товаров на складах 
- Инвентаризация, производить штрих-кодирование, маркировку, выбраковку, упаковку и т.д. 
- Уверенное владение компьютером и использование специализированных программ по складскому учету (1С, MS Office) 
- Контроль использования в работе складской техники и оборудования 
    
 Требования:  
- Профессиональная организация и ведение складского учета, ответственность с ТМЦ 
- Коммуникабельность, умение ладить с людьми, аккуратность и внимание к деталям 
- Организованность, последовательность в деятельности 
- Желательное наличие рекомендаций от предыдущего работодателя 
   
 Условия:  
- Работа в стабильной и успешной компании-лидере рекламного рынка РФ 
- Официальное трудоустройство 
- Карьерный и профессиональный рост 
- Возможность обучения за счет Компании 
- Работа в теплом, чистом производственном помещении 
- Современное европейское оборудование 
- Собственная столовая на территории предприятия, частичная компенсация питания 
- Удобная охраняемая парковка 
- Страхование от несчастных случаев 24 часа 
- Предоставление спецодежды 
- Место работы Кировский район, ул. Набережная 31 аб "
96," Обязанности:  
- Разработка рабочей документации 
- наружная реклама (вывески, навигация, стелы) 
- элементы благоустройства (МАФ, скамьи, светильники, арт-объекты) 
- предметный дизайн (от светильника до зарядной станции электромобиля) 
- Расчет расхода материалов и работ на производстве 
- Курирование проекта с этапа изготовления до монтажа и сдачи объекта   
  Требования:   - Профессиональные навыки в конструкторской документации и проектировании 
- Опыт работы в аналогичной должности не менее 2 лет 
- Профильное образование 
- Знание программ : SolidWorks, КОМПАС-3D,NX, AutoCAD,Word, Excel, CorelDRAW( как преимущество), 1С: ERP, 1С-Битрикс 
  
 Условия:  
- Работа в стабильной и успешной компании 
- Дружный коллектив, открытый к предложениям и изменениям 
- Много сложных, но интересных задач 
- Официальное трудоустройство 
- Карьерный и профессиональный рост 
- Возможность обучения за счет Компании 
- Место работы - ул. Набережная, 31а 
- Собственная столовая с вкусной едой, частичная компенсация питания, собственная парковка "
97," МЫ ГАРАНТИРУЕМ:  
 
 Трудоустройство по ТК РФ 
 График работы 5/2 
 Официальная ЗП выплачивается 2 раза в месяц   10 и 25 числа 
 Предоставление служебного автомобиля (разъездного характера работа) 
 Предоставление топливной карты 
 Предоставление спец. одежды и обуви 
 Оплата мобильной связи 
 Отпуск 28 календарных дней 
 Оплата больничных листов 
 Наставничество, план адаптации и ввода в должность, поддержка команды и руководителя 
 
 ЗОНЫ ОТВЕТСТВЕННОСТИ:  
 
 Проводить инвентаризации на производственных объектах, фермах, центральных складах и базах по (Брянской, Калужской, Тульской, Смоленской, Орловской) областях 
 Оформлять рабочую и отчетную документацию по результатам инвентаризаций 
 Передавать документы по инвентаризациям для отражения в учете 
 Контролировать полное, корректное и своевременное отражение итогов инвентаризации в учете 
 Информировать о результатах инвентаризаций руководителей и сотрудников на объектах 
 Участвовать в специальных проверках по запросу руководителя 
 
 ТРЕБОВАНИЯ:  
 
 Уверенный пользователь стандартного ПО - MS Office, Word, Excel 
 Понимание основ бухгалтерского учета и документооборота, процесса инвентаризации и ведения производственно-хозяйственной деятельности на предприятии 
 Образование не ниже среднего специального (предпочтительнее экономического, финансового профиля) 
 Приветствуется наличие опыта работы бухгалтером материальной группы (учет ТМЦ, ОС), товароведом, оператором склада, старшим кладовщиком или заведующим складом 
 Наличие водительского удостоверения категории В, со стажем более 3 лет 
 "
98,"  Мы расширяемся и будем рады принять в свою команду высококлассного, активного специалиста в области оптовых продаж    Обязанности:   
 
    
 Трудовые функции Работника   Менеджера по продажам (активный поиск клиентов и развитие долгосрочных партнерских отношений, ведение клиентской базы; анализ рынка, мониторинг конкурентной среды; Проведение презентаций продукции и услуг ООО ""Глобал Кейблс"" подготовка коммерческих предложений, проведение переговоров, заключение договоров; контроль оплаты по договорам; Консультирование клиентов по продукции и услугам ООО ""Глобал Кейблс""; участие в выставках с целью продвижения продукции и услуг ООО ""Глобал Кейблс"", выполнение плана продаж; доставка товара клиенту; подготовка отчетов о проделанной работе; ежедневно осуществляет проверку входящих писем по электронной почте; контроль за актуальностью и корректностью информации по продукции и услугам ООО ""Глобал Кейблс"", содержащейся на сайте ООО ""Глобал Кейблс"" в сети Интернет; выполняет иные поручения Работодателя оформленные в письменном виде). 
 Контроль взаиморасчетов с контрагентами, работа с дебиторской задолженностью. 
 Ведение стандартного документооборота с клиентом 
 Участие в профильных выставках 
  Требования:  
 
 
    Привлечение новых оптовых клиентов, развитие и ведение клиентской базы.  Развитие большой имеющейся базы потенциальных оптовых клиентов нашего направления.  Опыт работы в В2В сфере.  С частными и розничными клиентами мы не работаем, только с ООО, ИП и интересными конечными заказчиками, которые не работают с нашими оптовыми клиентами!! 
 Активная жизненная позиция, высокий уровень самоорганизации; 
 Хорошие коммуникативные навыки, грамотная устная и письменная речь, дисциплинированность, исполнительность, многозадачность. 
 Уверенный пользователь 1С 8.3, Word, Excel.   
 
 Условия:  
 
    
 Оформление по ТК РФ; 
 Достойная заработная плата (оклад 50 000 + % от продаж); 
 Заработная плата каждые 20 и 5 число месяца, ежегодный отпуск по графику; 
 Работа в офисе с 9.00-18.00 пн-пт с перерывом на обед, сб и вс -выходные дни; 
 Комфортное рабочее место; 
 Кофе, чай. 
 "
99,"!!! Только командировки. 
Официальное трудоустройство. 
Опыт не важен   всему научим. 
Специализация предприятия с 2001 года: 
 
 Ремонт подкрановых путей мостовых кранов ( !!! Работа на высоте, поэтому сразу правильно оценивайте свои возможности ). 
 Ремонт железнодорожных путей ( работа не самая лёгкая ). 
 Другие общестроительные работы. 
 
В основном командировки. 
Зарплата 30 000   100 000 р. ( проживание, питание   оплачивает Работодатель). 
  
 
 Предпочтение сварщикам. 
 Предпочтение монтажникам металлический и ж/б конструкций. 
 Предпочтение отслужившим в ВС РФ. 
 "
